KundeID;Von;Bis;Strasse;Hausnummer;Adresszusatz;Plz;Ort;Land
1;09.04.1998;18.03.1999;Neusser Straße;197;;31547;Rehburg-Loccum;
1;19.03.1999;03.11.2020;Hohes Feld;113;;96358;Teuschnitz;
1;04.11.2020;;Hohenrother Straße;13;;91126;Kammerstein;
2;19.10.1975;21.01.2017;Haulingort;186;;75446;Wiernsheim;
2;22.01.2017;17.04.2018;Niedenstraße;85;;26556;Nenndorf;
2;18.04.2018;;Bäckergasse;82;;69151;Neckargemünd;
3;31.01.1992;19.01.2016;Reeswinkeler Weg;133;;26725;Emden;
3;20.01.2016;;Zur Hohley;33;;39638;Wiepke;
4;08.09.1994;07.02.2003;Stauffenbergring;143;;25920;Stedesand;
4;08.02.2003;17.10.2008;Mühlengasse;90;;35279;Neustadt;
4;18.10.2008;;Wasserstraße;51;;39110;Magdeburg;
5;18.09.2015;30.08.2016;Walter-Liebig-Straße;40;;21727;Estorf;
5;31.08.2016;03.10.2019;Stubenrauchstraße;20;;57648;Unnau;
5;04.10.2019;;Försterweg;31;;54597;Feuerscheid;
6;16.09.1995;06.11.2004;Elzerstraße;26;;94513;Schönberg;
6;07.11.2004;09.06.2019;Hirzener Straße;86;;54612;Lasel;
6;10.06.2019;;Ernst-Moritz-Arndt-Straße;76;;25770;Hemmingstedt;
7;21.04.1976;11.02.2003;Bitburger Straße;55;;49661;Cloppenburg;
7;12.02.2003;18.01.2005;Zur Hohley;25;;56244;Goddert;
7;19.01.2005;;Auf dem Köllenhof;190;;93109;Wiesent;
8;24.09.2007;08.09.2008;Pastor-Sanders-Weg;155;;72589;Westerheim;
8;09.09.2008;18.03.2012;Scharnhorststraße;124;;86926;Greifenberg;
8;19.03.2012;;Waldheideweg;93;;76479;Steinmauern;
9;12.11.1979;22.07.2008;Kalfstraße;144;;89191;Nellingen;
9;23.07.2008;30.10.2012;Im Winkel;6;;55606;Heimweiler;
9;31.10.2012;;Zechenstraße;143;;22946;Grande;
10;09.02.2003;01.11.2004;Im Strötchen;71;;21789;Wingst;
10;02.11.2004;24.12.2014;Walkenbrügger Weg;62;;63073;Offenbach am Main;
10;25.12.2014;;Akazienstraße;133;;45661;Recklinghausen;
11;28.12.1983;29.10.2004;Am Schorenberg;118;;87645;Schwangau;
11;30.10.2004;18.10.2005;Kiefernweg;37;;25842;Langenhorn;
11;19.10.2005;;Clara-Zetkin-Straße;102;;76477;Elchesheim-Illingen;
12;05.06.1977;25.05.1978;Am Eulenhorst;32;;65624;Altendiez;
12;26.05.1978;11.10.2010;Buchenende;164;;73560;Böbingen an der Rems;
12;12.10.2010;;Schwabenstraße;14;;25832;Tönning;
13;06.08.1974;04.05.1985;Brüsseler Straße;200;;82389;Böbing;
13;05.05.1985;25.04.1986;Sommerkamp;72;;56299;Ochtendung;
13;26.04.1986;;Bürgerweg;149 c;;37194;Wahlsburg;
14;21.12.1989;12.12.1990;Am Wasserstollen;26;;37077;Göttingen;
14;13.12.1990;29.09.1992;Nistertalstraße;97;;55481;Reckershausen;
14;30.09.1992;;Richard-Strauß-Straße;187;;76337;Waldbronn;
15;23.10.1973;;Kastellauner Straße;124 c;;16225;Eberswalde;
16;20.08.1993;02.11.2001;Damiansweg;61;;12347;Britz;
16;03.11.2001;27.10.2002;Am Heekeren;11;;49610;Quakenbrück;
16;28.10.2002;;Laerer Straße;53;;24988;Oeversee;
17;27.06.1988;21.06.1989;Roeserberg;76;;78564;Wehingen;
17;22.06.1989;15.08.2019;Räuschelstraße;65;;74229;Oedheim;
17;16.08.2019;;Im Heidchen;2;;56653;Wassenach;
18;30.04.1987;25.01.2004;Ossenbruch;162b;;75242;Neuhausen;
18;26.01.2004;20.01.2005;Im Kloster;33;;35606;Solms;
18;21.01.2005;;Hallerstraße;103;;86660;Tapfheim;
19;12.01.1986;08.01.1987;Rauenberg;178;;45897;Gelsenkirchen;
19;09.01.1987;18.11.2014;Im Büchel;152;;84539;Ampfing;
19;19.11.2014;;Edisonstraße;149;;55483;Heinzenbach;
20;01.05.2007;27.04.2008;Kattowitzer Straße;163;;55413;Niederheimbach;
20;28.04.2008;09.08.2014;In den Gruben;67;;27324;Hassel;
20;10.08.2014;;Schwanenkamp;197;;45130;Essen;
21;11.09.1995;08.07.1996;Avendruper Straße;157;;53539;Bongard;
21;09.07.1996;07.07.1997;Ladestraße;25;;53127;Bonn;
21;08.07.1997;;Orchideenstraße;32;;75331;Engelsbrand;
22;15.05.2011;13.05.2012;Mönkenstiege;52;;54668;Kaschenbach;
22;14.05.2012;23.04.2014;Längenfeldweg;4;;53578;Windhagen;
22;24.04.2014;;Auf dem Hasenberg;192;;84577;Tüßling;
23;27.03.1983;03.09.2000;Friedensweg;60;;45883;Gelsenkirchen;
23;04.09.2000;03.08.2006;Am alten Schulplatz;62;;93437;Furth;
23;04.08.2006;;Saynhofstraße;149;;24881;Nübel;
24;30.10.2019;;Voßstraße;122;;18258;Schwaan;
25;10.07.2002;12.07.2003;Soetenkamp;52;;67098;Bad Dürkheim an der Weinstraße;
25;13.07.2003;07.11.2003;Johann-August-Ring;6;;86489;Deisenhausen;
25;08.11.2003;;Pilgerbornstraße;129;;47638;Straelen;
26;13.01.2007;14.03.2012;Wehrer Straße;43;;65385;Rüdesheim am Rhein;
26;15.03.2012;18.03.2013;Märkische Straße;153;;37308;Geisleden;
26;19.03.2013;;Fockenbachstraße;195;;67827;Becherbach;
27;24.08.1980;17.05.2011;Am alten Garten;48;;53547;Hausen;
27;18.05.2011;21.05.2012;Lambertistraße;113;;8352;Raschau-Markersbach;
27;22.05.2012;;Am Silberberg;82;;47638;Straelen;
28;25.12.1996;30.12.1997;Am Wulfkamp;36;;33102;Paderborn;
28;31.12.1997;07.07.2014;Rott;101;;79737;Herrischried;
28;08.07.2014;;Am Ziegelofen;111;;66916;Breitenbach;
29;21.03.2018;21.01.2020;Roggenkamp;86;;45739;Oer-Erkenschwick;
29;22.01.2020;;Hermann-Kätelhön-Straße;119;;64407;Fränkisch-Crumbach;
30;15.01.1987;21.09.1994;Nordhäuser Straße;93;;65375;Oestrich-Winkel;
30;22.09.1994;22.10.2017;Laacher Straße;67;;95236;Stammbach;
30;23.10.2017;;Veilchenweg;121;;38473;Tiddische;
31;10.08.1974;27.04.1987;In der Bitz;32;;63924;Kleinheubach;
31;28.04.1987;05.05.1988;Diepe Kuhweg;124;;29571;Rosche;
31;06.05.1988;;Am Mühlgraben;147;;36320;Kirtorf;
32;02.01.1979;18.05.2000;Auf m Eichhahn;3;;57614;Ratzert;
32;19.05.2000;28.05.2001;Bahnhofstraße;164;;73663;Berglen;
32;29.05.2001;;Claudiusstraße;100;;37412;Elbingerode;
33;05.01.2002;15.01.2003;Im Sässel;18;;28219;Bremen;
33;16.01.2003;21.11.2004;Südostring;99;;67806;Dörrmoschel;
33;22.11.2004;;Am Apostelberg;34;;23936;Bernstorf;
34;23.01.1996;23.07.2004;Kurtrierer Straße;19;;37218;Witzenhausen;
34;24.07.2004;04.08.2005;Unverhofftstraße;110;;25376;Krempdorf;
34;05.08.2005;;Meerheck;111;;97514;Oberaurach;
35;24.05.1994;05.06.1995;Bitzchen;108;;49393;Lohne;
35;06.06.1995;13.04.1997;Auf den Middeln;135;;54655;Kyllburgweiler;
35;14.04.1997;;Bayernweg;166;;44141;Dortmund;
36;10.03.2010;20.01.2017;Hellertalstraße;109a;;67808;Falkenstein;
36;21.01.2017;03.02.2018;Kiesgräble;21;;71579;Spiegelberg;
36;04.02.2018;;Rurstraße;175;;86934;Reichling;
37;12.05.2015;25.02.2021;Am Wasserwerk;90;;55430;Oberwesel;
37;26.02.2021;12.03.2022;Gärtenstraße;170;;77736;Zell am Harmersbach;
37;13.03.2022;;In der Lüh;63;;58135;Hagen;
38;02.01.2014;17.01.2015;Fresnostraße;193;;85661;Forstinning;
38;18.01.2015;28.11.2016;Neue Kirchstraße;61;;78580;Bärenthal;
38;29.11.2016;;Geneschen;47 a;;56283;Morshausen;
39;25.11.1981;11.12.1982;Gladbecker Straße;84;;27798;Hude;
39;12.12.1982;23.10.1984;Schönblick;175;;56357;Hainau;
39;24.10.1984;;Leienstraße;71;;6333;Welbsleben;
40;16.08.2006;02.09.2007;Im Römerkastell;99;;56355;Nastätten;
40;03.09.2007;16.07.2009;Leyler Weg;17;;53520;Wershofen;
40;17.07.2009;;Im Dorf;163;;24340;Altenhof;
41;19.06.1980;07.07.1981;Marother Straße;81;;55606;Heimweiler;
41;08.07.1981;24.06.1995;Neubaustraße;162;;23845;Dreggers;
41;25.06.1995;;In den Birken;142;;39606;Düsedau;
42;04.07.1971;22.07.1972;Im Kappesgarten;187;;25923;Holm;
42;23.07.1972;16.11.1991;Asterweg;173;;87663;Lengenwang;
42;17.11.1991;;Geiersknappen;189;;67304;Eisenberg;
43;10.10.1989;16.12.2001;Ahbachstraße;96;;26897;Hilkenbrook;
43;17.12.2001;29.04.2003;Zur Windmühle;114;;59387;Ascheberg;
43;30.04.2003;;Habichtshöhe;9;;95032;Hof an der Saale;
44;06.11.2009;27.11.2010;Fürstenbergstraße;36;;56357;Auel;
44;28.11.2010;29.12.2015;Dronkestraße;163;;95183;Trogen;
44;30.12.2015;;Langenbacher Straße;112;;37081;Göttingen;
45;24.06.1986;21.09.2006;Eggenpfad;191;;54655;Zendscheid;
45;22.09.2006;14.10.2007;Markstraße;159;;56459;Weltersburg;
45;15.10.2007;;An der Brache;28;;88267;Vogt;
46;19.09.1992;08.05.2001;Venn;80;;66909;Matzenbach;
46;09.05.2001;01.06.2002;Große Fährgasse;98;;24635;Daldorf;
46;02.06.2002;;In der Aue;65;;56767;Kolverath;
47;18.09.1999;28.10.2017;Neue Reihe;108;;91477;Markt Bibart;
47;29.10.2017;22.11.2018;Bergstiege;65;;37619;Hehlen;
47;23.11.2018;;In den Heilgärten;59;;27386;Bothel;
48;04.08.1974;03.05.2019;Sevelener Straße;44;;74206;Bad Wimpfen;
48;04.05.2019;28.05.2020;Eichener Straße;165;;56767;Kolverath;
48;29.05.2020;;Elzerhöfe;27;;64297;Darmstadt;
49;26.09.1971;11.03.1978;Sängerstraße;88;;88636;Illmensee;
49;12.03.1978;06.04.2007;Lange Straße;65;;54552;Schönbach;
49;07.04.2007;;Winkeln;1;;42283;Wuppertal;
50;03.12.1974;07.03.2000;Hermann-Treff-Weg;90;;84137;Vilsbiburg;
50;08.03.2000;18.08.2010;Rothenberger Straße;40;;66903;Dittweiler;
50;19.08.2010;;Mondring;134;;78600;Kolbingen;
51;16.09.1991;12.11.2011;Pilsgasse;155;;24996;Sterup;
51;13.11.2011;10.12.2012;Hohler Weg;188;;37434;Wollershausen;
51;11.12.2012;;Tulpenstraße;76;;59069;Hamm;
52;07.11.2002;06.12.2003;Gustav-Tweer-Weg;16;;25581;Hennstedt;
52;07.12.2003;31.10.2005;Schaafsweg;32;;25724;Neufelderkoog;
52;01.11.2005;;Plaidterwegsrest;53;;67229;Gerolsheim;
53;15.03.1982;04.07.2017;Mettmanner Straße;78;;54317;Kasel;
53;05.07.2017;04.08.2018;Judengasse;198a;;20259;Hamburg;
53;05.08.2018;;Am Kanal;57;;84552;Geratskirchen;
54;23.05.1971;09.05.2015;Niederbreitbacher Straße;158;;49638;Nortrup;
54;10.05.2015;09.06.2016;Ludwigstraße;146;;45468;Mülheim an der Ruhr;
54;10.06.2016;;Kaarster Straße;169;;49356;Diepholz;
55;17.11.1993;19.12.1994;Tannenweg;151;;89347;Bubesheim;
55;20.12.1994;25.03.1996;Am Erlkönig;159;;71634;Ludwigsburg;
55;26.03.1996;;Auf der Füll;121;;71577;Großerlach;
56;10.09.1983;15.06.1997;Weiherdamm;94;;86508;Rehling;
56;16.06.1997;19.07.1998;Schmiedgasse;196;;66996;Fischbach;
56;20.07.1998;;Schniewindstraße;64;;76287;Rheinstetten;
57;08.09.1981;12.10.1982;Im Weiler;169;;38319;Remlingen;
57;13.10.1982;11.09.1984;Uhlenhorst;87;;84533;Stammham;
57;12.09.1984;;Mühlweg;133;;29581;Gerdau;
58;25.05.1977;01.12.1999;Frenzer Driesch;21;;45307;Essen;
58;02.12.1999;27.03.2018;Kempelstraße;118;;85113;Böhmfeld;
58;28.03.2018;;Weltersbachstraße;8;;25569;Kremperheide;
59;17.03.1991;24.06.2012;Freiberger Straße;197c;;56567;Neuwied;
59;25.06.2012;31.07.2013;Krankenhausstraße;154;;25794;Pahlen;
59;01.08.2013;;Löwenburgweg;144;;57647;Enspel;
60;20.08.1974;13.06.1989;Schildsheider Straße;139;;54529;Spangdahlem;
60;14.06.1989;31.10.1989;Kemptener Straße;163;;46485;Wesel am Rhein;
60;01.11.1989;;Klosterweg;22;;59557;Lippstadt;
61;21.07.2018;28.08.2019;Goldenbock;111;;37170;Schoningen;
61;29.08.2019;01.08.2021;Maria-Lind;95;;76307;Karlsbad;
61;02.08.2021;;Kämpchen;190;;56457;Westerburg;
62;29.01.1972;01.09.1992;Am Lindchen;50;;26427;Esens;
62;02.09.1992;11.10.1993;Breite Straße;35;;55483;Heinzenbach;
62;12.10.1993;;Hirzenhubstraße;108;;59192;Bergkamen;
63;10.07.1998;19.08.1999;Bergweg;68;;23909;Fredeburg;
63;20.08.1999;28.11.2016;Lenningser Straße;162;;87657;Görisried;
63;29.11.2016;;Lortzingstraße;22;;76456;Kuppenheim;
64;22.05.1970;07.10.2003;Albert-Schweitzer-Straße;84;;17349;Schönbeck;
64;08.10.2003;09.04.2019;Paul-Keller-Straße;60;;97286;Sommerhausen;
64;10.04.2019;;Scheibenstraße;130;;86928;Hofstetten;
65;10.06.2019;21.07.2020;Niederberger Straße;80;;48324;Sendenhorst;
65;22.07.2020;29.06.2022;Breisacher Straße;91;;66504;Bottenbach;
65;30.06.2022;;Engerser Landstraße;124;;82497;Unterammergau;
66;09.02.1970;29.02.2000;Rother Straße;85;;68753;Waghäusel;
66;01.03.2000;13.04.2001;Grundschötteler Straße;139;;55234;Wahlheim;
66;14.04.2001;;Kellereistraße;96;;25578;Neuenbrook;
67;29.09.1995;12.04.2015;Thanheimer Straße;163 b;;24619;Bornhöved;
67;13.04.2015;26.05.2016;Schiffenborn;113;;55585;Hochstätten;
67;27.05.2016;;Naunheimer Straße;61;;21483;Gülzow;
68;02.04.1983;16.05.1984;Bernwardring;18;;19406;Mustin;
68;17.05.1984;27.04.1986;Köln-Leipziger-Straße;75;;49751;Sögel;
68;28.04.1986;;Rothenberger Straße;190;;55413;Niederheimbach;
69;15.01.2014;28.10.2016;Pappelstraße;34;;25794;Dörpling;
69;29.10.2016;14.12.2017;Kaiser-Heinrich-Straße;70;;77787;Nordrach;
69;15.12.2017;;Dominikanerstraße;112;;23936;Plüschow;
70;04.01.1997;20.02.1998;Rheiner Straße;18;;79695;Wieden;
70;21.02.1998;03.02.2000;In der Oberwies;111;;84307;Eggenfelden;
70;04.02.2000;;Obere Bergstraße;109;;91796;Ettenstatt;
71;06.06.2011;23.07.2012;Im Wingertsberg;115;;56472;Hof;
71;24.07.2012;07.07.2014;Eschlohn;11;;25813;Südermarsch;
71;08.07.2014;;Haderschener Straße;45;;29462;Wustrow;
72;26.05.1983;13.07.1984;Schwiepinghook;101;;77955;Ettenheim;
72;14.07.1984;03.03.2011;Delpstraße;51;;67749;Offenbach-Hundheim;
72;04.03.2011;;Erbdrostenweg;194;;27628;Sandstedt;
73;22.07.2020;10.09.2021;Netter;114;;56357;Welterod;
73;11.09.2021;27.08.2023;Huthsweg;195;;25899;Klixbüll;
73;28.08.2023;;Gänsberg;47;;54675;Wallendorf;
74;14.04.1985;04.06.1986;Reichenbacher Straße;32;;82386;Huglfing;
74;05.06.1986;21.05.1988;Diemelweg;34;;35625;Hüttenberg;
74;22.05.1988;;Am Kamp;92;;35423;Lich;
75;09.03.2004;01.09.2019;Schwabacher Straße;139;;63801;Kleinostheim;
75;02.09.2019;23.10.2020;Alte Wiese;37;;73116;Wäschenbeuren;
75;24.10.2020;;Vorm Arheckengarten;60;;79427;Eschbach;
76;12.09.1994;04.11.1995;Dresdner Straße;169;;37242;Bad Sooden-Allendorf;
76;05.11.1995;23.10.1997;Berrischstraße;61;;57572;Niederfischbach;
76;24.10.1997;;Notscheider Straße;63;;15569;Woltersdorf;
77;21.06.1985;03.05.1986;Im Kirdorf;55;;23619;Zarpen;
77;04.05.1986;28.08.1987;Vorm Arheckengarten;47;;55595;Braunweiler;
77;29.08.1987;;Hübingerweg;36;;73433;Aalen;
78;15.02.1997;13.12.1997;Lingelbacher Straße;68;;55585;Niederhausen;
78;14.12.1997;07.02.1999;Ulmtalstraße;177;;56379;Horhausen;
78;08.02.1999;;Julius-Leber-Straße;110;;92447;Holzhof;
79;03.05.1990;02.01.2010;Gollenseifen;61;;24793;Bargstedt;
79;03.01.2010;28.02.2011;Eschgarten;110;;67308;Biedesheim;
79;01.03.2011;;Eichhornweg;64;;56291;Wiebelsheim;
80;18.12.1997;13.01.2015;Oberhausener Straße;149;;86899;Landsberg am Lech;
80;14.01.2015;11.03.2016;Kaulstraße;44;;73568;Durlangen;
80;12.03.2016;;Hufelandstraße;179;;40239;Düsseldorf;
81;12.05.1972;01.11.1997;Robert-Schuman-Straße;8;;8468;Heinsdorfergrund;
81;02.11.1997;30.12.1998;Haselstraße;158;;74869;Schwarzach;
81;31.12.1998;;Holbeinstraße;54;;86633;Neuburg an der Donau;
82;08.07.1981;21.03.2014;Schelmenweg;60;;66620;Nonnweiler;
82;22.03.2014;20.05.2015;Redder;133 c;;93486;Runding;
82;21.05.2015;;Wiehagener Straße;101;;63872;Heimbuchenthal;
83;18.02.1976;02.06.1999;Zum Felsen;134;;26446;Friedeburg;
83;03.06.1999;24.03.2019;Egenstraße;80;;54340;Riol;
83;25.03.2019;;Am Friedheimer See;153;;56414;Weroth;
84;18.09.1994;18.11.1995;Eichenweg;63;;25364;Osterhorn;
84;19.11.1995;07.04.2016;Urmitzer Weg;90;;64859;Eppertshausen;
84;08.04.2016;;Krayer Straße;172;;54673;Krautscheid;
85;15.07.2019;14.09.2020;Ahrblick;16 b;;71711;Steinheim an der Murr;
85;15.09.2020;12.09.2022;Watzmannstraße;117;;72226;Simmersfeld;
85;13.09.2022;;Goldbach;190;;71522;Backnang;
86;03.06.1999;19.06.2020;Königsfelder Allee;182;;48465;Ohne;
86;20.06.2020;22.08.2021;Sandstiege;47;;85104;Pförring;
86;23.08.2021;;Pellmannssteg;26;;74249;Jagsthausen;
87;24.08.1977;29.10.2011;Köpenicker Straße;139;;4316;Mölkau;
87;30.10.2011;01.01.2013;Alvingheide;93;;60529;Frankfurt am Main;
87;02.01.2013;;Niederseelbach;83;;67434;Neustadt an der Weinstraße;
88;17.05.2018;21.07.2019;Leuzbacher Weg;53b;;36369;Lautertal;
88;22.07.2019;21.07.2021;Frankenhof;37;;65391;Lorch;
88;22.07.2021;;Köttenicher Straße;179;;25856;Hattstedt;
89;17.06.2011;21.08.2012;Mengerskircher Weg;6;;25582;Looft;
89;22.08.2012;23.08.2014;Schwarzbachstraße;126;;74423;Obersontheim;
89;24.08.2014;;Zur Hardt;161;;21376;Gödenstorf;
90;27.12.1978;28.01.1980;Kesselheimer Straße;155;;63543;Neuberg;
90;29.01.1980;12.04.2007;Zum Röthchen;45;;67806;Teschenmoschel;
90;13.04.2007;;Lachenstraße;197;;54636;Hütterscheid;
91;13.03.1975;30.12.2017;Beulstraße;171;;54558;Strohn;
91;31.12.2017;09.03.2019;Donnenstraße;124;;66904;Börsborn;
91;10.03.2019;;Kaarster Straße;114;;95691;Hohenberg an der Eger;
92;09.08.1988;02.07.1995;Gaterstraße;79;;49549;Ladbergen;
92;03.07.1995;21.06.2009;Joststraße;48;;31595;Steyerberg;
92;22.06.2009;;Dillbrechter Straße;46;;66484;Battweiler;
93;08.07.2002;22.10.2009;Südwall;135;;56337;Kadenbach;
93;23.10.2009;01.01.2011;Borgkamp;170;;65555;Limburg an der Lahn;
93;02.01.2011;;Brunsbütteler Damm;54;;25927;Aventoft;
94;19.09.2019;28.11.2020;Richard-Strauß-Straße;34;;38889;Heimburg;
94;29.11.2020;05.12.2022;Klausenstraße;193;;56767;Kötterichen;
94;06.12.2022;;Neuland;193;;56858;Neef;
95;05.08.1980;26.11.1984;Helbecker Weg;169;;26757;Borkum;
95;27.11.1984;09.11.2019;Brentanostraße;142;;33161;Hövelhof;
95;10.11.2019;;Tribergstraße;177;;60435;Frankfurt am Main;
96;12.09.1970;18.08.1972;Neuendorfer Straße;35;;12051;Berlin - Neukölln;
96;19.08.1972;22.10.1998;Ruhrallee;79;;23968;Gägelow;
96;23.10.1998;;Tanzbergstraße;85;;94143;Grainet;
97;14.07.1974;02.06.2009;Linscheider Straße;91;;94140;Ering;
97;03.06.2009;16.02.2019;Ziegeleistraße;153;;71636;Ludwigsburg;
97;17.02.2019;;Thingslindestraße;2;;39638;Wiepke;
98;23.04.1988;25.05.1995;Dienethaler Straße;133b;;37079;Göttingen;
98;26.05.1995;10.02.2017;Joseph-Haydn-Straße;39;;72666;Neckartailfingen;
98;11.02.2017;;Egenstraße;140;;65558;Burgschwalbach;
99;10.02.1977;27.04.1978;Dreizehnerstraße;171;;27472;Cuxhaven;
99;28.04.1978;23.02.2021;In der Blemke;125;;67678;Mehlingen;
99;24.02.2021;;Karolingerstraße;167;;54570;Rockeskyll;
100;29.01.2012;15.04.2013;Im Hamm;106;;65589;Hadamar;
100;16.04.2013;28.04.2015;Am Kaltberg;16;;74936;Siegelsbach;
100;29.04.2015;;Regentenstraße;117;;53859;Niederkassel;
101;03.07.1988;23.11.1988;Gabelsbergerstraße;191c;;55597;Wöllstein;
101;24.11.1988;;Adelheidstraße;195;;82497;Unterammergau;
102;25.04.1991;16.09.1991;Reeperbahn;152;;31195;Lamspringe;
102;17.09.1991;;Starweg;83;;53520;Insul;
103;02.01.1985;27.05.1985;Zur Windmühle;190;;56291;Maisborn;
103;28.05.1985;;Roseggerstraße;123;;65629;Niederneisen;
104;02.05.2020;25.09.2020;Im Gässchen;107;;71131;Oberjettingen;
104;26.09.2020;;Willertshagen;169;;63863;Eschau;
105;16.11.2007;11.04.2008;Im Haubenfeld;95;;69239;Neckarsteinach;
105;12.04.2008;;Hagelkreuzstraße;138;;31868;Ottenstein;
106;07.11.1983;03.04.1984;Flachskamp;46;;67376;Harthausen;
106;04.04.1984;;Kurfürstenwiese;151;;57076;Siegen;
107;30.07.1980;26.12.1980;Jerichostraße;68;;70193;Stuttgart;
107;27.12.1980;;Im Hagen;80;;23898;Duvensee;
108;20.11.1985;19.04.1986;Waldorfer Straße;110;;12105;Berlin;
108;20.04.1986;;Am Wulfkamp;26;;27243;Harpstedt;
109;02.04.2018;31.08.2018;Offerkämpe;144;;69214;Eppelheim;
109;01.09.2018;;Wollinstraße;183;;25585;Lütjenwestedt;
110;06.03.2008;05.08.2008;Am Struckey;100;;57612;Helmeroth;
110;06.08.2008;;Havichhorster Mühle;107;;29394;Lüder;
111;02.09.2013;02.02.2014;Tiefer Weg;130;;58840;Plettenberg;
111;03.02.2014;;Böttgerstraße;88;;24392;Dollrottfeld;
112;22.08.1981;05.03.2014;Alter Markt;43;;25876;Schwabstedt;
112;06.03.2014;;Auf dem Flurzaun;78;;64285;Darmstadt;
113;26.12.1987;13.05.2011;Lagemannstraße;173;;87439;Kempten;
113;14.05.2011;;Brückstraße;75;;71149;Bondorf;
114;25.05.2014;28.10.2014;Hügelstraße;17;;29579;Emmendorf;
114;29.10.2014;;Landkerner Straße;174;;29359;Habighorst;
115;11.02.1976;09.02.2018;Im Lag;102;;38159;Vechelde;
115;10.02.2018;;Am Berg;128;;56340;Dachsenhausen;
116;29.11.1995;12.04.1996;Im Haltebrock;89;;31020;Salzhemmendorf;
116;13.04.1996;;Petersstraße;188a;;83673;Bichl;
117;18.08.2010;24.01.2011;Laukamp;172;;24354;Rieseby;
117;25.01.2011;;Nelkenstraße;165;;54675;Biesdorf;
118;12.02.1983;03.08.1983;Am Hofacker;194;;76327;Pfinztal;
118;04.08.1983;;Grünenthal;65c;;63930;Neunkirchen;
119;20.08.1998;28.01.1999;Am Grauen Stein;155;;54614;Heisdorf;
119;29.01.1999;;Olmerich;89;;67473;Lindenberg;
120;13.12.2004;24.05.2005;Eckeseyer Straße;133;;77731;Willstätt;
120;25.05.2005;;Nußbaumstraße;131;;71069;Sindelfingen;
121;08.04.2004;21.07.2016;Angermunder Straße;38c;;73104;Börtlingen;
121;22.07.2016;;Ostenbergstraße;67;;67316;Carlsberg;
122;22.11.2009;05.05.2010;Benediktstraße;59;;36157;Ebersburg;
122;06.05.2010;;Bernhardtstraße;72;;82402;Seeshaupt;
123;27.07.1976;11.08.1991;Kornhahnstraße;116;;49456;Bakum;
123;12.08.1991;;Ursulinenstraße;156;;37293;Herleshausen;
124;10.03.1973;26.04.1983;Zum Müggenberg;53;;48619;Heek;
124;27.04.1983;;Eislebener Straße;153;;24242;Felde;
125;31.12.2007;15.06.2008;Am Urnenfeld;44;;67098;Bad Dürkheim an der Weinstraße;
125;16.06.2008;;Im Unterdorf;163;;55294;Bodenheim;
126;20.06.1989;27.03.2009;Horststraße;189;;79804;Dogern;
126;28.03.2009;;Hollertszug;154;;96476;Bad Rodach;
127;31.01.1995;22.02.2005;Baumberg;53;;49685;Bühren;
127;23.02.2005;;Breitenrathstraße;73;;55283;Nierstein;
128;25.07.1994;21.02.1997;Eicher Straße;118;;34549;Edertal;
128;22.02.1997;;Steinergasse;134;;47441;Moers;
129;28.02.1999;18.08.1999;Kälberbitze;8;;38312;Achim;
129;19.08.1999;;Schefferstraße;176;;25792;Strübbel;
130;21.09.1977;12.03.1978;Hagemer Kirchweg;187;;49593;Bersenbrück;
130;13.03.1978;;Neusser Straße;5;;49596;Gehrde;
131;24.09.1970;28.07.1989;Deppendonk;59;;27243;Dünsen;
131;29.07.1989;;In den Heilgärten;95;;24996;Ahneby;
132;19.03.1971;23.01.2000;Am Heekeren;134;;54611;Hallschlag;
132;24.01.2000;;Koblenzer Straße;99;;17039;Beseritz;
133;23.12.1992;21.03.2021;Rhönweg;5;;53229;Bonn;
133;22.03.2021;;Am Hennengärtchen;183;;67714;Waldfischbach-Burgalben;
134;19.01.1997;14.07.1997;Floriansweg;27;;89561;Dischingen;
134;15.07.1997;;Martinusstraße;81;;54558;Gillenfeld;
135;24.03.1999;17.09.1999;Vogesenstraße;128;;53520;Ohlenhard;
135;18.09.1999;;Raesfelder Straße;104;;22965;Todendorf;
136;19.05.2008;13.11.2008;Heidenheimer Straße;149;;27299;Langwedel;
136;14.11.2008;;Saynwaldstraße;90;;55481;Schwarzen;
137;21.06.2008;17.12.2008;Oberer Rainweg;67;;57635;Hasselbach;
137;18.12.2008;;In der Wolfshecke;186;;77709;Oberwolfach;
138;29.12.2009;27.06.2010;Altefeldstraße;21;;99735;Werther;
138;28.06.2010;;Heiligenhausstraße;124;;54655;Kyllburg;
139;05.06.2006;12.12.2006;Berliner Ring;85;;86485;Biberbach;
139;13.12.2006;;Kaiser-Friedrich-Straße;35;;67693;Fischbach;
140;13.03.2002;11.09.2002;Kochstraße;90;;61350;Bad Homburg vor der Höhe;
140;12.09.2002;;Mondring;68;;38547;Calberlah;
141;15.12.2011;15.06.2012;Zum Kalkofen;139;;73571;Göggingen;
141;16.06.2012;;Neuenhaus;161;;56237;Nauort;
142;24.07.1992;24.01.1993;Am Altewingert;119;;28217;Bremen;
142;25.01.1993;;Heiligenweg;59;;67759;Reichsthal;
143;10.12.1973;27.02.2003;Molziger Straße;24;;66787;Wadgassen;
143;28.02.2003;;Kirchenweinbergstraße;26;;56825;Beuren;
144;07.07.2008;09.01.2009;Sydowstraße;161;;56288;Laubach;
144;10.01.2009;;Im Kirchenstück;121;;55743;Idar-Oberstein;
145;30.07.2020;02.02.2021;Moselstraße;112;;38274;Elbe;
145;03.02.2021;;Im Gründchen;24;;38486;Klötze;
146;19.06.2009;06.09.2009;Elve;98;;63741;Aschaffenburg;
146;07.09.2009;;Waldbreitbacher Straße;1;;39221;Ranies;
147;07.03.1974;19.08.1991;Dorotheenstraße;145;;48619;Heek;
147;20.08.1991;;Kinderhauser Straße;150;;56593;Niedersteinebach;
148;05.04.1989;03.01.1992;Wollbachstraße;197;;85625;Baiern;
148;04.01.1992;;Dömerstiege;186;;72119;Ammerbuch;
149;27.11.2008;06.06.2009;Polcher Straße;48;;50765;Köln;
149;07.06.2009;;Burloer Straße;82b;;30974;Wennigsen;
150;25.09.1990;05.04.1991;Wilhelm-Tent-Straße;158;;85122;Hitzhofen;
150;06.04.1991;;Speestraße;25;;53534;Wiesemscheid;
151;26.07.1991;04.02.1992;Asbecker Straße;143;;77773;Schenkenzell;
151;05.02.1992;;Bielefelder Straße;108;;97288;Theilheim;
152;02.05.2020;12.11.2020;Dornes Straße;194;;26529;Leezdorf;
152;13.11.2020;;Obertalstraße;54;;24340;Gammelby;
153;03.07.1983;13.03.2007;Brombeerweg;123;;82211;Herrsching am Ammersee;
153;14.03.2007;;Afelskreuzstraße;4;;54675;Biesdorf;
154;05.10.1975;16.02.2005;Rüdesheimer Straße;119 c;;29465;Schnega;
154;17.02.2005;;Laerstraße;161;;57648;Unnau;
155;28.04.1992;27.10.2012;Ostpreußenweg;39;;56820;Senheim-Senhals;
155;28.10.2012;;Rinnebachstraße;107;;63906;Erlenbach am Main;
156;15.12.2001;01.07.2002;Im Rötchen;61;;74523;Sulzdorf;
156;02.07.2002;;Krähenweg;22;;34439;Willebadessen;
157;16.04.2000;14.03.2019;Bülowstraße;146;;85135;Titting;
157;15.03.2019;;Heimstättenweg;31;;54662;Herforst;
158;18.03.1992;26.12.2017;Im Hähnchen;84;;67753;Relsberg;
158;27.12.2017;;Oberer Buigenweg;114;;78576;Emmingen-Liptingen;
159;27.08.2017;16.03.2018;Am Nothbach;99;;31582;Erichshagen-Wölpe;
159;17.03.2018;;Höllburg;149;;64747;Breuberg;
160;01.01.2006;22.07.2006;Scheddebrock;200;;63857;Waldaschaff;
160;23.07.2006;;Finkenstraße;79;;24809;Nübbel;
161;20.11.2012;28.09.2019;Am Ringofen;37;;56291;Steinbach;
161;29.09.2019;;Brachelener Straße;178;;77656;Offenburg;
162;26.11.1991;18.01.2021;Peter-Ostermayr-Straße;128;;56281;Karbach;
162;19.01.2021;;Böwingring;107;;38279;Sehlde;
163;13.06.1997;04.01.1998;Burgacker;168;;56814;Landkern;
163;05.01.1998;;Bornstraße;59;;54597;Wallersheim;
164;13.05.1985;05.05.2013;Nievenheimer Straße;116;;64397;Modautal;
164;06.05.2013;;Hegenerstraße;25;;25335;Bokholt-Hanredder;
165;21.06.1986;14.01.1987;Oberbierenbach;127;;66851;Mittelbrunn;
165;15.01.1987;;Hubertushöhe;108;;44653;Herne;
166;09.06.1972;31.05.1985;Sonnenkamp;5;;19073;Dümmer;
166;01.06.1985;;Alte Moselstraße;74;;59823;Arnsberg;
167;14.08.2003;25.03.2005;Kirchheimer Straße;111 a;;56283;Ney;
167;26.03.2005;;Morkener Straße;25;;44867;Bochum;
168;28.04.1989;24.11.1989;Hauffstraße;133;;31719;Wiedensahl;
168;25.11.1989;;Meesenstiege;8;;31224;Peine;
169;07.02.1976;26.10.1976;Im Gründchen;1;;10823;Berlin;
169;27.10.1976;;Im Kirschengarten;50;;79102;Freiburg;
170;29.09.1979;01.09.2010;Eper Straße;37;;77652;Offenburg;
170;02.09.2010;;Heltengarten;137;;94099;Ruhstorf an der Rott;
171;30.05.2011;05.06.2017;Gangolfusstraße;18;;25878;Seeth;
171;06.06.2017;;Zum Erlenborn;76;;90513;Zirndorf;
172;09.06.1970;15.05.1971;Aachener Straße;118;;54538;Hontheim;
172;16.05.1971;;Bremer Weg;195;;55595;Spall;
173;25.10.2017;28.05.2018;Brachter Straße;198;;64756;Mossautal;
173;29.05.2018;;Auf der Hardt;79;;79254;Oberried;
174;09.11.1984;13.06.1985;Tannenhof;75;;28832;Achim;
174;14.06.1985;;RavenÃ©straße;89;;75417;Mühlacker;
175;29.06.1987;25.12.1994;In der Borngasse;68;;12685;Marzahn;
175;26.12.1994;;Friedenstraße;93;;54614;Schönecken;
176;23.09.1983;19.03.1987;Elsumer Weg;4;;56355;Winterwerb;
176;20.03.1987;;Ob dem Lahrtal;79;;27729;Lübberstedt;
177;22.09.2002;29.04.2003;Fritzengasse;178;;95666;Leonberg;
177;30.04.2003;;Limbachstraße;126;;53533;Eichenbach;
178;10.07.2006;05.02.2020;Alte Jülicher Straße;116;;88361;Boms;
178;06.02.2020;;Kolpingstraße;174;;21514;Büchen;
179;19.05.2014;26.12.2014;Graf-Arnold-Platz;14 c;;25724;Schmedeswurth;
179;27.12.2014;;Lützowstraße;130;;25876;Süderhöft;
180;13.11.2018;23.06.2019;Auf der Huth;82;;40883;Ratingen;
180;24.06.2019;;Alte Bahn;145;;9599;Freiberg;
181;15.11.1978;17.04.1980;Peter-Weiler-Straße;188c;;64823;Groß-Umstadt;
181;18.04.1980;;Ebbinghoff;194;;35579;Wetzlar;
182;15.03.2000;20.01.2019;Netter;131;;82166;Gräfelfing;
182;21.01.2019;;Schloßgasse;119;;63924;Rüdenau;
183;30.08.1998;12.04.1999;Zaungartenstraße;159;;34289;Zierenberg;
183;13.04.1999;;Marktgasse;3;;76887;Böllenborn;
184;06.07.2017;17.02.2018;Andreas-Bräm-Straße;4;;78098;Triberg;
184;18.02.2018;;Schladeberg;129;;56820;Nehren;
185;24.07.1988;08.03.1989;Gänsberg;29;;42853;Remscheid;
185;09.03.1989;;Am Ulmenhof;95;;54487;Wintrich;
186;16.02.2004;01.10.2004;Rheinallee;100;;72131;Ofterdingen;
186;02.10.2004;;Frankenweg;55 a;;29584;Himbergen;
187;08.05.1988;03.05.1992;Rottmannstraße;74;;23628;Krummesse;
187;04.05.1992;;Becklingen;154 b;;55490;Gemünden;
188;08.04.2020;24.11.2020;Deterberger Straße;142;;25551;Peissen;
188;25.11.2020;;Bachstraße;59;;19065;Raben Steinfeld;
189;27.09.1989;14.12.2000;Sporckweg;20;;67596;Frettenheim;
189;15.12.2000;;Knüverdarp;171;;39128;Magdeburg;
190;17.06.2011;04.02.2012;Wassenberger Straße;59;;12555;Treptow-Köpenick;
190;05.02.2012;;Niederelben;119;;48346;Ostbevern;
191;09.02.1970;23.12.1983;Sonnenau;128;;84184;Tiefenbach;
191;24.12.1983;;Hembergener Straße;18;;64385;Reichelsheim;
192;19.10.2000;10.06.2001;Sophienthaler Straße;196;;86845;Großaitingen;
192;11.06.2001;;Dieker Straße;145;;71093;Weil;
193;20.02.1988;30.11.1999;Elbbachweg;62;;57648;Unnau;
193;01.12.1999;;Küstriner Straße;55;;59755;Arnsberg;
194;18.02.2017;12.10.2017;Steverstraße;100;;44809;Bochum;
194;13.10.2017;;Weidenkamp;189;;27419;Groß Meckelsen;
195;08.07.1987;07.09.2000;Dr.-Klausener-Straße;197;;84518;Garching an der Alz;
195;08.09.2000;;Am Sonnenhang;74b;;58769;Nachrodt-Wiblingwerde;
196;10.02.1978;06.10.1978;Bauvereinstraße;178;;41063;Mönchengladbach;
196;07.10.1978;;Hallenstraße;144;;65626;Birlenbach;
197;26.11.1979;07.07.2015;Am Südpark;41;;54309;Newel;
197;08.07.2015;;In den Wulferten;107;;56340;Osterspai;
198;16.03.1977;12.09.2005;Klotzbahn;115;;29468;Bergen an der Dumme;
198;13.09.2005;;Weezer Straße;37;;77839;Lichtenau;
199;16.12.2017;14.08.2018;Lingelbacher Straße;138;;37412;Elbingerode;
199;15.08.2018;;Ahlener Straße;77;;52385;Nideggen;
200;26.11.1981;26.07.1982;Am Fischteich;52;;24944;Flensburg;
200;27.07.1982;;Wieselweg;21;;89355;Gundremmingen;
201;14.01.1988;13.09.1988;Wintert;184;;70173;Stuttgart;
201;14.09.1988;;Marienweg;102;;63843;Niedernberg;
202;28.08.1978;22.08.2015;Stierweg;152;;75305;Neuenbürg;
202;23.08.2015;;Castroper Straße;93;;82276;Adelshofen;
203;22.04.1998;03.02.2018;Husarenstraße;81;;54308;Langsur;
203;04.02.2018;;Moosweg;46;;86551;Aichach an der Paar;
204;17.10.2004;20.06.2005;Borghof;14;;55490;Woppenroth;
204;21.06.2005;;Liebfrauenstraße;161;;55471;Sargenroth;
205;31.07.2016;04.04.2017;Elsenborner Straße;122;;27283;Verden;
205;05.04.2017;;Neue Straße;120;;53757;Sankt Augustin;
206;21.09.2003;26.05.2004;Bernwardring;56;;56154;Boppard;
206;27.05.2004;;Merveldtstraße;114;;65183;Wiesbaden;
207;04.12.1977;10.08.1978;Münstereifeler Straße;97a;;90562;Heroldsberg;
207;11.08.1978;;Im Springen;102;;66871;Ehweiler;
208;24.02.1991;06.04.2015;Mühlackerweg;188;;86707;Westendorf;
208;07.04.2015;;Alte Stroth;46;;64589;Stockstadt am Rhein;
209;24.12.2018;01.09.2019;Altendorfer Straße;28;;39606;Krevese;
209;02.09.2019;;Nebeliner Straße;144;;49637;Menslage;
210;16.05.2013;23.01.2014;Bozener Straße;132;;33647;Bielefeld;
210;24.01.2014;;Schusterstraße;85;;49448;Brockum;
211;11.04.2008;11.08.2018;Tellstraße;139;;52531;Ãœbach-Palenberg;
211;12.08.2018;;Westergastweg;198;;97720;Nüdlingen;
212;03.10.1978;11.09.2001;Braunsheck;67;;24235;Laboe;
212;12.09.2001;;Greifswalder Straße;23;;76889;Birkenhördt;
213;21.09.1995;02.06.1996;Zur Jägerwiese;67;;76227;Karlsruhe;
213;03.06.1996;;Bärenbachstraße;4;;86444;Affing;
214;03.12.1987;14.08.2017;Holtkamp;25;;54636;Fließem;
214;15.08.2017;;Telemannstraße;180;;63589;Linsengericht;
215;12.05.1985;06.09.1992;Illericher Straße;174;;55457;Horrweiler;
215;07.09.1992;;An der Schmiede;156;;54451;Irsch;
216;25.03.1992;10.04.2006;Beringallee;16;;67059;Ludwigshafen am Rhein;
216;11.04.2006;;Paßstraße;175;;55469;Oppertshausen;
217;02.04.1974;05.01.1979;Schloßgasse;190;;30627;Hannover;
217;06.01.1979;;Wittenbergstraße;46;;80539;München;
218;03.08.1984;20.04.1985;Markusstraße;146;;65795;Hattersheim am Main;
218;21.04.1985;;Nordstraße;129;;21516;Müssen;
219;24.01.1994;12.10.1994;Ahrstraße;76;;32257;Ahle;
219;13.10.1994;;Droste-Hülshoff-Weg;149;;84428;Buchbach;
220;18.10.1973;25.05.2000;Birkenstraße;6;;42899;Remscheid;
220;26.05.2000;;Helmarshäuser Straße;78;;23847;Grinau;
221;15.08.1984;21.07.2019;Am Rheineck;83;;25785;Nordhastedt;
221;22.07.2019;;Rahmerweg;30 a;;86926;Greifenberg;
222;30.11.2004;21.08.2005;Westergastweg;178;;88525;Dürmentingen;
222;22.08.2005;;Vorgebirgsstraße;37;;89177;Börslingen;
223;03.02.1992;31.01.2017;Burgwiese;74;;63843;Niedernberg;
223;01.02.2017;;Kalteborn;147;;55606;Königsau;
224;20.02.1970;30.08.1970;Waldenburger Straße;188;;76889;Pleisweiler-Oberhofen;
224;31.08.1970;;Teutoburger Weg;17;;67734;Katzweiler;
225;22.12.1976;22.02.1981;Mosen;153;;51377;Leverkusen;
225;23.02.1981;;Wassenberger Straße;25;;63773;Goldbach;
226;03.05.2007;26.01.2008;Gewerbegasse;186;;54426;Hilscheid;
226;27.01.2008;;Steinacker Straße;3;;54441;Wawern;
227;19.08.2007;14.05.2008;Willingrott;152;;6333;Ritterode;
227;15.05.2008;;Bruch;48;;24994;Medelby;
228;24.09.1972;08.12.2012;Strodeweg;52c;;65558;Lohrheim;
228;09.12.2012;;Am Sundern;181;;56348;Dahlheim;
229;01.10.1972;21.04.2003;Provinzialstraße;96;;37619;Bodenwerder;
229;22.04.2003;;Türmchenstraße;167;;42499;Hückeswagen;
230;03.04.2013;31.12.2013;Lärchenhof;69;;72351;Geislingen;
230;01.01.2014;;Sieglarer Straße;76;;78357;Mühlingen;
231;15.02.2006;15.11.2006;Sachsenstraße;193;;36217;Ronshausen;
231;16.11.2006;;Hollstraße;83;;94265;Patersdorf;
232;06.03.2015;05.12.2015;Bünkamp;188;;45886;Gelsenkirchen;
232;06.12.2015;;Am Brook;3;;72141;Walddorfhäslach;
233;29.12.2013;30.09.2014;Plaidterwegsrest;41;;25917;Achtrup;
233;01.10.2014;;Am Eichbaum;107;;63150;Heusenstamm;
234;05.10.1997;08.07.1998;Zum Steinbruch;113;;25727;Krumstedt;
234;09.07.1998;;Kervenheimer Straße;96;;66978;Merzalben;
235;17.12.2017;08.07.2018;Klinkkampweg;127;;35579;Wetzlar;
235;09.07.2018;;Mutter-Rosa-Straße;74;;74599;Wallhausen;
236;05.02.1983;10.11.1983;Aachener Straße;194;;53501;Grafschaft;
236;11.11.1983;;Haggenmüllerstraße;21;;68766;Hockenheim;
237;17.08.1997;08.08.2017;Eggeroder Straße;148;;75242;Neuhausen;
237;09.08.2017;;Haarstraße;9;;31868;Ottenstein;
238;19.05.1977;23.02.1978;Bremer Weg;50;;73277;Owen;
238;24.02.1978;;Am Lauterberg;22;;54636;Heilenbach;
239;30.01.2004;21.09.2018;Hermann-Löns-Weg;33;;53177;Bonn;
239;22.09.2018;;Kaulenweg;24;;37075;Göttingen;
240;25.02.1997;04.12.1997;Wirthstraße;123;;49828;Georgsdorf;
240;05.12.1997;;Theresienleite;193;;59192;Bergkamen;
241;08.03.1977;11.02.1978;Vor der Steinert;74;;76776;Neuburg am Rhein;
241;12.02.1978;;Heidelberger Landstraße;91;;20249;Hamburg;
242;31.12.2003;10.10.2004;Goldknopfgasse;200;;38539;Müden;
242;11.10.2004;;Am Köppel;46;;95195;Röslau;
243;08.07.1981;29.06.2001;Dronkestraße;174;;73326;Deggingen;
243;30.06.2001;;Siedenberger Straße;153;;31079;Adenstedt;
244;21.10.2008;03.08.2009;Johanna-Neuman-Straße;119;;67808;Würzweiler;
244;04.08.2009;;Lieberichsweg;35;;54570;Mürlenbach;
245;19.12.2015;06.01.2016;Plantagenweg;79;;24641;Stuvenborn;
245;07.01.2016;;Rosendahler Straße;171;;56244;Kuhnhöfen;
246;09.06.2008;16.04.2013;Auf dem Hollen;160;;63863;Eschau;
246;17.04.2013;;Bassenheimer Straße;18;;56479;Neustadt;
247;28.09.1973;23.02.1991;Zillestraße;90;;66763;Dillingen;
247;24.02.1991;;Breitscheider Straße;94;;24392;Boren;
248;09.10.2001;18.05.2011;Rankestraße;39;;76467;Bietigheim;
248;19.05.2011;;Liststraße;71;;84539;Ampfing;
249;09.02.1991;27.11.1991;Große Pützgasse;40;;97447;Frankenwinheim;
249;28.11.1991;;Schweizerthalstraße;133;;55490;Henau;
250;21.02.2005;09.10.2008;Gewannstraße;198;;54413;Geisfeld;
250;10.10.2008;;Nikolaus-Groß-Straße;28;;73275;Ohmden;
251;29.10.1974;26.12.2015;Am Hofacker;87;;25917;Sprakebüll;
251;27.12.2015;;Am Nußberg;33;;56348;Dahlheim;
252;13.08.2007;24.08.2012;Geneschen;177 b;;57614;Stürzelbach;
252;25.08.2012;;Birder Straße;117;;41366;Waldniel;
253;18.05.2018;09.03.2019;Im Weiandsgarten;47;;29582;Hanstedt;
253;10.03.2019;;Gerstenfeld;131;;71083;Herrenberg;
254;09.08.1994;02.12.1994;Bendenstraße;10;;55777;Eckersweiler;
254;03.12.1994;;Kölner Straße;187;;25999;Kampen;
255;03.11.1971;08.10.2007;Grumsiner Straße;96;;12045;Berlin - Neukölln;
255;09.10.2007;;Gertrudenstraße;23;;6528;Emseloh;
256;07.06.1992;06.02.2016;Hostertgasse;6;;67681;Sembach;
256;07.02.2016;;Hüblinger Straße;42;;29303;Bergen;
257;06.05.1981;18.05.1981;Gladbacher Straße;136;;56244;Goddert;
257;19.05.1981;;Am Wulfkamp;25c;;34549;Edertal;
258;26.01.1999;22.11.1999;Gryphiusstraße;83;;54675;Ammeldingen an der Our;
258;23.11.1999;;Im Vogelsang;39;;21029;Hamburg;
259;08.02.1973;08.09.1978;Heisterbusch;10;;56412;Heilberscheid;
259;09.09.1978;;Sinziger Straße;41c;;23919;Berkenthin;
260;20.08.2003;17.06.2004;Basselweg;79;;79353;Bahlingen am Kaiserstuhl;
260;18.06.2004;;Everswinkeler Straße;200;;55494;Liebshausen;
261;25.07.1989;24.05.1990;Plaidterwegsrest;177;;70176;Stuttgart;
261;25.05.1990;;Hoher Weg;68;;76889;Dierbach;
262;22.01.1973;15.07.1989;Steubenstraße;1;;78054;Villingen-Schwenningen;
262;16.07.1989;;Bornlochweg;181;;59755;Arnsberg;
263;05.04.2020;04.02.2021;Bert-Brecht-Straße;58;;56283;Mermuth;
263;05.02.2021;;Döttinger Straße;108;;83471;Berchtesgaden;
264;13.05.2013;15.03.2014;Klagebach;140;;44627;Herne;
264;16.03.2014;;Westallee;28;;54298;Orenhofen;
265;08.11.2019;10.09.2020;An der Landstraße;90;;54316;Pluwig;
265;11.09.2020;;Brunhildstraße;100;;57612;Idelberg;
266;16.04.1989;18.02.1990;Delmondstraße;108;;54636;Feilsdorf;
266;19.02.1990;;Breul;123;;10555;Berlin;
267;24.11.1987;02.10.2000;Holzweg;176;;63808;Haibach;
267;03.10.2000;;Grüner Grund;143;;56154;Boppard;
268;24.12.1994;30.10.1995;Hildastraße;142;;67269;Grünstadt;
268;31.10.1995;;Am Schloßpark;152;;19069;Klein Trebbow;
269;30.03.1970;25.11.2013;Laacher Straße;137;;25792;Neuenkirchen;
269;26.11.2013;;Schirmerstraße;127;;42697;Solingen;
270;22.03.2019;28.01.2020;Auf dem Nüchel;140;;56823;Büchel;
270;29.01.2020;;Handwerkerstraße;23;;86476;Neuburg an der Kammel;
271;13.10.2010;22.03.2018;Am Eichbaum;48;;21376;Garlstorf am Walde;
271;23.03.2018;;Bicker Weg;89;;95686;Fichtelberg;
272;13.06.1998;02.04.2000;Heisterbusch;187;;84307;Eggenfelden;
272;03.04.2000;;Hasley;168;;63796;Kahl am Main;
273;22.11.1996;22.06.2007;Bernhardstraße;143;;25938;Oevenum;
273;23.06.2007;;Hanftalstraße;3;;54456;Onsdorf;
274;01.10.1985;25.12.1989;An der Leye;151;;93155;Hemau;
274;26.12.1989;;Erpeler Straße;87;;67152;Ruppertsberg;
275;16.07.1977;14.03.1991;Rosenacker;88;;79359;Riegel am Kaiserstuhl;
275;15.03.1991;;Dr.-Domarus-Straße;172;;82481;Mittenwald;
276;11.02.2021;26.12.2021;Fröndenberger Straße;136;;24105;Kiel;
276;27.12.2021;;Kupferkaute;18;;74249;Jagsthausen;
277;16.09.1997;01.08.1998;Friedlandstraße;80;;76139;Karlsruhe;
277;02.08.1998;;Am Kreuzweg;168;;56865;Blankenrath;
278;18.03.1994;01.02.1995;Wassenacher Straße;87;;45131;Essen;
278;02.02.1995;;Auf Peschhelle;115;;53520;Wershofen;
279;08.08.2009;25.06.2010;Heidgasse;31;;53539;Reimerath;
279;26.06.2010;;An der Struth;141;;38302;Wolfenbüttel;
280;14.11.2006;26.03.2016;Nikolaus-Groß-Straße;43;;31600;Uchte;
280;27.03.2016;;Sulmisheimer Weg;25;;26487;Neuschoo;
281;08.06.1993;12.11.2008;Weitefelder Garten;86c;;24972;Quern;
281;13.11.2008;;Am Blauen Stein;41;;24641;Stuvenborn;
282;19.01.1982;09.12.1982;Im Gesetz;200;;29416;Wieblitz-Eversdorf;
282;10.12.1982;;Scherfeldstraße;198;;25582;Hohenaspe;
283;10.02.1986;19.02.2000;Am Weiher;102;;54578;Walsdorf;
283;20.02.2000;;Frankfurt am Main;187 a;;20457;Hamburg;
284;01.05.2009;23.03.2010;Weltersbachstraße;21;;53520;Dankerath;
284;24.03.2010;;Kohlwiese;171;;82041;Oberhaching;
285;02.11.2002;03.04.2012;Bösenberg;29;;21739;Dollern;
285;04.04.2012;;Brechhofer Straße;20;;48157;Münster;
286;20.04.2011;13.03.2012;Im Viertel;11;;15236;Frankfurt;
286;14.03.2012;;Uhuweg;96;;23881;Alt Mölln;
287;11.05.1994;05.07.2014;Martinsstraße;2;;66981;Münchweiler an der Rodalb;
287;06.07.2014;;Erlengrund;99;;79102;Freiburg;
288;16.09.1997;11.05.2011;Schiffahrter Damm;17;;54552;Darscheid;
288;12.05.2011;;Im Wickelfeld;174;;21516;Tramm;
289;02.04.1987;31.07.1991;Holzbachstraße;131b;;65552;Limburg an der Lahn;
289;01.08.1991;;Maarweg;118;;58239;Schwerte;
290;19.01.1979;23.09.1999;Am Seifen;18;;54451;Irsch;
290;24.09.1999;;Hompeschstraße;45;;31553;Sachsenhagen;
291;03.06.2008;15.10.2014;Schönangerstraße;106;;53175;Bonn;
291;16.10.2014;;Grube Anna;108;;54459;Wiltingen;
292;30.08.1971;02.04.1979;Herzfelder Straße;92;;47198;Duisburg;
292;03.04.1979;;Rudolf-Schneiders-Straße;175;;24340;Eckernförde;
293;21.10.1984;21.09.1985;Linzhausenstraße;192;;38547;Calberlah;
293;22.09.1985;;Lange Stiege;181;;38533;Vordorf;
294;23.06.2004;23.01.2019;Oberwaldstraße;34;;78467;Konstanz;
294;24.01.2019;;Langenfelder Straße;159;;61352;Bad Homburg vor der Höhe;
295;16.02.2008;18.01.2009;Am Gutshof;123;;88422;Tiefenbach;
295;19.01.2009;;Strutweg;123;;55779;Heimbach;
296;12.04.1992;16.03.1993;Südring;53;;69439;Zwingenberg;
296;17.03.1993;;Bebelstraße;96;;53520;Müllenbach;
297;26.06.1979;07.08.1991;Hälverstraße;181;;93164;Brunn;
297;08.08.1991;;Nürburger Weg;57;;25917;Leck;
298;16.10.1972;20.08.1973;Im Boden;169;;97836;Bischbrunn;
298;21.08.1973;;Ohmstraße;76;;76476;Bischweier;
299;20.04.1996;27.03.1997;Olsdorf;182;;56729;Kirchwald;
299;28.03.1997;;Streckenpfad;170;;44147;Dortmund;
300;24.10.1979;;Eicher Straße;74;;45356;Essen;
301;16.09.2020;29.09.2022;Hohenrother Straße;13;;91126;Kammerstein;
301;30.09.2022;;Bäckergasse;82;;69151;Neckargemünd;
302;04.12.1970;04.06.1985;Zur Hohley;33;;39638;Wiepke;
302;05.06.1985;;Wasserstraße;51;;39110;Magdeburg;
303;04.10.2019;20.10.2021;Försterweg;31;;54597;Feuerscheid;
303;21.10.2021;;Ernst-Moritz-Arndt-Straße;76;;25770;Hemmingstedt;
304;03.09.1990;21.09.1992;Auf dem Köllenhof;190;;93109;Wiesent;
304;22.09.1992;;Waldheideweg;93;;76479;Steinmauern;
305;05.07.1985;12.08.2009;Zechenstraße;143;;22946;Grande;
305;13.08.2009;;Akazienstraße;133;;45661;Recklinghausen;
306;01.08.1987;11.10.2010;Clara-Zetkin-Straße;102;;76477;Elchesheim-Illingen;
306;12.10.2010;;Schwabenstraße;14;;25832;Tönning;
307;08.10.1976;12.12.1985;Bürgerweg;149 c;;37194;Wahlsburg;
307;13.12.1985;;Richard-Strauß-Straße;187;;76337;Waldbronn;
308;23.10.1973;19.11.1975;Kastellauner Straße;124 c;;16225;Eberswalde;
308;20.11.1975;;Laerer Straße;53;;24988;Oeversee;
309;16.08.2019;13.09.2021;Im Heidchen;2;;56653;Wassenach;
309;14.09.2021;;Hallerstraße;103;;86660;Tapfheim;
310;19.11.2014;19.12.2016;Edisonstraße;149;;55483;Heinzenbach;
310;20.12.2016;;Schwanenkamp;197;;45130;Essen;
311;09.03.1988;23.04.2014;Orchideenstraße;32;;75331;Engelsbrand;
311;24.04.2014;;Auf dem Hasenberg;192;;84577;Tüßling;
312;04.08.2006;07.09.2008;Saynhofstraße;149;;24881;Nübel;
312;08.09.2008;;Voßstraße;122;;18258;Schwaan;
313;08.11.2003;14.12.2005;Pilgerbornstraße;129;;47638;Straelen;
313;15.12.2005;;Fockenbachstraße;195;;67827;Becherbach;
314;27.03.1990;07.07.2014;Am Silberberg;82;;47638;Straelen;
314;08.07.2014;;Am Ziegelofen;111;;66916;Breitenbach;
315;29.03.1987;22.10.2017;Hermann-Kätelhön-Straße;119;;64407;Fränkisch-Crumbach;
315;23.10.2017;;Veilchenweg;121;;38473;Tiddische;
316;11.01.1974;23.02.1976;Claudiusstraße;100;;37412;Elbingerode;
317;24.02.1976;09.04.1978;Am Apostelberg;34;;23936;Bernstorf;
317;10.04.1978;;Meerheck;111;;97514;Oberaurach;
318;24.01.1993;12.03.1995;Bayernweg;166;;44141;Dortmund;
318;13.03.1995;;Rurstraße;175;;86934;Reichling;
319;06.05.2004;22.12.2004;In der Lüh;63;;58135;Hagen;
319;23.12.2004;;Geneschen;47 a;;56283;Morshausen;
320;11.02.2007;02.04.2009;Leienstraße;71;;6333;Welbsleben;
320;03.04.2009;;Im Dorf;163;;24340;Altenhof;
321;04.02.1976;24.06.1995;In den Birken;142;;39606;Düsedau;
321;25.06.1995;;Geiersknappen;189;;67304;Eisenberg;
322;17.08.1997;29.04.2003;Habichtshöhe;9;;95032;Hof an der Saale;
322;30.04.2003;;Langenbacher Straße;112;;37081;Göttingen;
323;30.12.2015;24.02.2018;An der Brache;28;;88267;Vogt;
323;25.02.2018;;In der Aue;65;;56767;Kolverath;
324;18.06.2000;16.08.2002;In den Heilgärten;59;;27386;Bothel;
324;17.08.2002;;Elzerhöfe;27;;64297;Darmstadt;
325;25.11.2008;25.01.2011;Winkeln;1;;42283;Wuppertal;
325;26.01.2011;;Mondring;134;;78600;Kolbingen;
326;19.08.2010;20.10.2012;Tulpenstraße;76;;59069;Hamm;
326;21.10.2012;;Plaidterwegsrest;53;;67229;Gerolsheim;
327;21.12.1998;23.02.2001;Am Kanal;57;;84552;Geratskirchen;
327;24.02.2001;;Kaarster Straße;169;;49356;Diepholz;
328;13.04.2008;19.06.2010;Auf der Füll;121;;71577;Großerlach;
328;20.06.2010;;Schniewindstraße;64;;76287;Rheinstetten;
329;02.06.1998;09.08.2000;Mühlweg;133;;29581;Gerdau;
329;10.08.2000;;Weltersbachstraße;8;;25569;Kremperheide;
330;28.03.2018;06.06.2020;Löwenburgweg;144;;57647;Enspel;
330;07.06.2020;;Klosterweg;22;;59557;Lippstadt;
331;02.08.2002;13.10.2004;Kämpchen;190;;56457;Westerburg;
331;14.10.2004;;Hirzenhubstraße;108;;59192;Bergkamen;
332;04.09.1993;28.11.2016;Lortzingstraße;22;;76456;Kuppenheim;
332;29.11.2016;;Scheibenstraße;130;;86928;Hofstetten;
333;10.04.2019;25.06.2021;Engerser Landstraße;124;;82497;Unterammergau;
333;26.06.2021;;Kellereistraße;96;;25578;Neuenbrook;
334;04.12.2020;21.02.2023;Naunheimer Straße;61;;21483;Gülzow;
334;22.02.2023;;Rothenberger Straße;190;;55413;Niederheimbach;
335;12.01.1996;02.04.1998;Dominikanerstraße;112;;23936;Plüschow;
335;03.04.1998;;Obere Bergstraße;109;;91796;Ettenstatt;
336;16.05.1980;20.11.2000;Haderschener Straße;45;;29462;Wustrow;
336;21.11.2000;;Erbdrostenweg;194;;27628;Sandstedt;
337;04.03.2011;15.10.2011;Gänsberg;47;;54675;Wallendorf;
337;16.10.2011;;Am Kamp;92;;35423;Lich;
338;09.01.2014;05.04.2016;Vorm Arheckengarten;60;;79427;Eschbach;
338;06.04.2016;;Notscheider Straße;63;;15569;Woltersdorf;
339;26.11.1984;28.08.1987;Hübingerweg;36;;73433;Aalen;
339;29.08.1987;;Julius-Leber-Straße;110;;92447;Holzhof;
340;26.03.1997;25.06.1999;Eichhornweg;64;;56291;Wiebelsheim;
340;26.06.1999;;Hufelandstraße;179;;40239;Düsseldorf;
341;03.04.1983;04.07.1985;Holbeinstraße;54;;86633;Neuburg an der Donau;
341;05.07.1985;;Wiehagener Straße;101;;63872;Heimbuchenthal;
342;24.04.1994;24.03.2019;Am Friedheimer See;153;;56414;Weroth;
342;25.03.2019;;Krayer Straße;172;;54673;Krautscheid;
343;28.06.2021;03.10.2023;Goldbach;190;;71522;Backnang;
343;04.10.2023;;Pellmannssteg;26;;74249;Jagsthausen;
344;27.04.2008;04.08.2010;Niederseelbach;83;;67434;Neustadt an der Weinstraße;
344;05.08.2010;;Köttenicher Straße;179;;25856;Hattstedt;
345;26.08.1992;05.12.1994;Zur Hardt;161;;21376;Gödenstorf;
345;06.12.1994;;Lachenstraße;197;;54636;Hütterscheid;
346;13.04.2007;24.07.2009;Kaarster Straße;114;;95691;Hohenberg an der Eger;
346;25.07.2009;;Dillbrechter Straße;46;;66484;Battweiler;
347;22.06.2009;05.10.2011;Brunsbütteler Damm;54;;25927;Aventoft;
347;06.10.2011;;Neuland;193;;56858;Neef;
348;02.03.1997;09.11.2019;Tribergstraße;177;;60435;Frankfurt am Main;
348;10.11.2019;;Tanzbergstraße;85;;94143;Grainet;
349;25.02.2022;13.06.2024;Thingslindestraße;2;;39638;Wiepke;
349;14.06.2024;;Egenstraße;140;;65558;Burgschwalbach;
350;06.06.2021;25.09.2023;Karolingerstraße;167;;54570;Rockeskyll;
350;26.09.2023;;Regentenstraße;117;;53859;Niederkassel;
351;16.06.2023;06.10.2025;Steverstraße;;;76774;Leimersheim;
351;07.10.2025;29.01.2028;Hähner Weg;5;;53119;Bonn;
351;30.01.2028;;Dappricher Hof;73;;25873;Rantrum;
352;20.07.1992;08.04.2012;Baumberg;82;;83334;Inzell;
352;09.04.2012;17.09.2019;Further Straße;;;19406;Borkow;
352;18.09.2019;;Graf-Engelbert-Straße;50;;89597;Unterwachingen;
353;13.10.1994;29.11.1996;Eilenburger Straße;17;;55234;Nack;
353;30.11.1996;29.03.1999;In der Rose;101;;24235;Brodersdorf;
353;30.03.1999;;Elbinger Weg;198;;92546;Schmidgaden;
354;30.10.2015;28.02.2018;August-Wörner-Straße;143;;63831;Wiesen;
354;01.03.2018;01.07.2020;In der Hilbach;187;;54314;Greimerath;
354;02.07.2020;;Sommerkamp;94;;71691;Freiberg am Neckar;
355;01.03.2019;25.01.2020;Oberfeller Straße;;;56459;Gemünden;
355;26.01.2020;;Am Fuchsbau;2;;50129;Bergheim;
356;19.02.2009;21.06.2021;Auf dem Langenbroich;4;;73116;Krettenhof;
356;22.06.2021;27.10.2023;Bitzerweg;;;24245;Kirchbarkau;
356;28.10.2023;;Hinter der Hage;;;56379;Holzappel;
357;06.12.2014;14.04.2017;Hasendell;121;;64546;Mörfelden-Walldorf;
357;15.04.2017;08.02.2021;Krayer Straße;139;;72622;Nürtingen;
357;09.02.2021;;Peter-Hellinghausen-Straße;;;66649;Oberthal;
358;22.05.2011;27.12.2011;Goldbachstraße;;;74834;Elztal;
358;28.12.2011;09.05.2014;Grüne Straße;;;45891;Gelsenkirchen;
358;10.05.2014;;Schmalgasse;68;;54441;Taben-Rodt;
359;27.01.2021;12.06.2023;Hangweg;57;;84076;Pfeffenhausen;
359;13.06.2023;27.10.2025;Mommkamp;75;;73571;Göggingen;
359;28.10.2025;;Ludgerusstraße;;;56479;Niederroßbach;
360;22.11.1997;19.05.2019;Im Feldbaum;68;;47198;Homberg;
360;20.05.2019;05.10.2021;Layweg;80;;60385;Frankfurt am Main;
360;06.10.2021;;Von-Bodelschwingh-Straße;39;;28205;Bremen;
361;07.12.1981;17.10.2004;Bogenstraße;189;;33181;Bad Wünnenberg;
361;18.10.2004;09.03.2007;Am Eichelkamp;91;;55481;Reckershausen;
361;10.03.2007;;Emil-Nolde-Straße;71;;88131;Bodolz;
362;11.06.1996;25.11.2019;Lindlarer Straße;14;;31185;Söhlde;
362;26.11.2019;14.06.2020;Alte Moselstraße;34 c;;63743;Aschaffenburg;
362;15.06.2020;;Kümmelweg;27;;72119;Ammerbuch;
363;08.01.2008;01.03.2014;Oberbergstraße;58;;19089;Crivitz;
363;02.03.2014;27.07.2016;Balkertsweg;19;;74864;Fahrenbach;
363;28.07.2016;;Schönbuchstraße;64;;84323;Massing;
364;03.03.2004;31.07.2006;Wipperfürther Straße;;;65183;Wiesbaden;
364;01.08.2006;;Drosteallee;;;63869;Heigenbrücken;
365;25.04.1989;18.07.2019;Angerstraße;;;73527;Schwäbisch Gmünd;
365;19.07.2019;18.12.2021;Jung-Stilling-Straße;88;;94560;Offenberg;
365;19.12.2021;;Theisfloss;;;25782;Hövede;
366;06.07.2012;15.10.2014;Hellerstraße;86;;56424;Mogendorf;
366;16.10.2014;27.12.2016;Birkenhof;82 b;;26556;Nenndorf;
366;28.12.2016;;Kurtstraße;179;;72654;Neckartenzlingen;
367;26.06.2017;29.05.2019;Wörther Straße;116;;66887;Glanbrücken;
367;30.05.2019;04.11.2021;Am Weißen Berg;183;;91097;Oberreichenbach;
367;05.11.2021;;Geringer Weg;102;;34537;Bad Wildungen;
368;22.02.2016;02.08.2018;Bünderken;41;;74638;Waldenburg;
368;03.08.2018;12.01.2021;Pommernstraße;80;;54649;Eilscheid;
368;13.01.2021;;Böhmenseite;47;Hahnenberg;35789;Weilmünster;
369;21.11.2015;28.06.2017;Kaiserswerther Straße;141;;56290;Gödenroth;
369;29.06.2017;11.12.2019;Alter Postweg;119;;73453;Adelmannsfelden;
369;12.12.2019;;Sperberweg;;;55576;Welgesheim;
370;07.04.2019;21.09.2021;Hebbelstraße;;;37434;Rollshausen;
370;22.09.2021;09.03.2024;Siedlerweg;127;;84561;Mehring;
370;10.03.2024;;Deterberger Straße;37;;67489;Kirrweiler;
371;08.01.2011;02.03.2021;Am Pfaffengraben;21;;19086;Plate;
371;03.03.2021;21.08.2023;Seelbacher Weg;132;;59939;Olsberg;
371;22.08.2023;;Bodenseestraße;;;57589;Niederirsen;
372;03.08.2019;23.01.2022;Wiesenweg;;;86179;Augsburg;
372;24.01.2022;17.07.2024;Kiebitzstraße;;;83024;Rosenheim;
372;18.07.2024;;Wester;;;48249;Buldern;
373;15.06.2018;08.12.2020;West I;11;Opperhusener Straße;76879;Ottersheim;
373;09.12.2020;05.06.2023;Katharinenstraße;145;;67069;Ludwigshafen am Rhein;
373;06.06.2023;;Reichshofstraße;14;;61381;Friedrichsdorf;
374;08.04.2015;02.10.2015;Heinrich-Fischer-Straße;;;86179;Augsburg;
374;03.10.2015;31.03.2018;Großstraße;168;;39126;Magdeburg;
374;01.04.2018;;Wiefeldicker Straße;87;;54608;Sellerich;
375;29.05.2020;27.11.2022;Albert-Schweitzer-Ring;195;;54518;Plein;
375;28.11.2022;;Ratheimer Straße;195;Lise-Meitner-Straße;96106;Ebern;
376;19.12.2014;27.04.2017;Am Postdeich;124;;34281;Gudensberg;
376;28.04.2017;30.10.2019;Althoffstraße;16;;55481;Kludenbach;
376;31.10.2019;;Kurfürstenstraße;;;24214;Neuwittenbek;
377;09.09.2001;14.05.2008;Schlesischer Weg;100;;75057;Kürnbach;
377;15.05.2008;19.11.2010;Mastweg;102;;59379;Selm;
377;20.11.2010;;Altenburgstraße;;;49453;Wetschen;
378;21.04.2014;28.10.2016;Hofpfad;172;;73108;Gammelshausen;
378;29.10.2016;13.02.2020;Am Brink;9;;86488;Breitenthal;
378;14.02.2020;;Wolfgangstraße;195;;64285;Darmstadt;
379;30.08.2016;12.03.2019;Auf dem Bandel;25 a;;54552;Ellscheid;
379;13.03.2019;08.06.2020;Georg-Appel-Straße;;;38228;Salzgitter;
379;09.06.2020;;Hohl;109;;17192;Torgelow am See;
380;07.03.1996;14.02.2019;August-Horch-Straße;98;;38368;Grasleben;
380;15.02.2019;30.08.2021;Bischof-Hermann-Straße;195;;35085;Ebsdorfergrund;
380;31.08.2021;;Lohmühlenstraße;11;;49429;Visbek;
381;17.09.2000;01.12.2009;Neubornstraße;106;;78604;Rietheim-Weilheim;
381;02.12.2009;19.06.2012;Willy-Arndt-Straße;89;;66450;Bexbach;
381;20.06.2012;;Westendstraße;19;;66557;Illingen;
382;20.10.2019;10.05.2022;Merheimer Straße;39;;39264;Moritz;
382;11.05.2022;30.11.2024;Kerkenberg;32;;58730;Fröndenberg;
382;01.12.2024;;Heven;139;;55469;Klosterkumbd;
383;07.02.2020;31.08.2022;Wilhelm-Schultheis-Straße;153;Carlstraße;33813;Oerlinghausen;
383;01.09.2022;26.03.2025;Am grauen Stein;156;;64569;Nauheim;
383;27.03.2025;;Am Fuchsbau;106;;28777;Bremen;
384;23.08.2020;20.03.2023;Sulmisheimer Weg;198;;71717;Stocksberg;
384;21.03.2023;16.10.2025;Im Rott;;;66629;Freisen;
384;17.10.2025;;Haddorf;;;66871;Konken;
385;14.01.2019;14.01.2020;Lerchensteg;128;;38468;Ehra-Lessien;
385;15.01.2020;;In der Kant;79;;54536;Kröv;
386;04.11.2020;06.06.2023;Prinzstraße;48;;79540;Lörrach;
386;07.06.2023;07.01.2026;In der Rose;170;;21717;Deinste;
386;08.01.2026;;Jung-Stilling-Straße;3;;76307;Karlsbad;
387;17.01.2014;18.02.2015;Karl-Arnold-Straße;133;;36110;Schlitz;
387;19.02.2015;23.09.2017;In der Eule;;;66133;Saarbrücken;
387;24.09.2017;;Heiligen Weg;19;;20259;Hamburg;
388;01.05.2021;07.12.2023;Hinter dem Dorf;;;31628;Landesbergen;
388;08.12.2023;16.07.2026;Rostocker Straße;28;;54619;Üttfeld;
388;17.07.2026;;Im Viertel;165;;86733;Alerheim;
389;16.07.2016;08.07.2017;St. Margarethenstraße;192;;29386;Dedelstorf;
389;09.07.2017;17.02.2020;Eickhoff;94;;25709;Marnerdeich;
389;18.02.2020;;Wuppermannstraße;149;;18258;Vorbeck;
390;17.08.2016;31.03.2019;Steinkopfstraße;;;67697;Otterberg;
390;01.04.2019;13.11.2021;Schmiedgasse;84;;73495;Stödtlen;
390;14.11.2021;;Ahornstraße;;;33649;Bielefeld;
391;09.07.1995;01.05.2020;Ahrweilerstraße;;Rautenstraße;60435;Frankfurt am Main;
391;02.05.2020;17.12.2022;Stephanusstraße;75;In den Buchen;24326;Dersau;
391;18.12.2022;;Wortkamp;99;;33619;Bielefeld;
392;20.07.2011;08.03.2014;Unter-Erler-Straße;59;;54655;Usch;
392;09.03.2014;27.10.2016;Manfred-von-Richthofen-Straße;55;;25821;Almdorf;
392;28.10.2016;;Sackgasse;2;;17489;Greifswald;
393;31.10.2005;22.06.2008;Backesstraße;174a;;23883;Brunsmark;
393;23.06.2008;17.01.2014;Lorcher Straße;196;Logsteenweg;78089;Unterkirnach;
393;18.01.2014;;Kampstiege;46;;49076;Osnabrück;
394;04.08.2014;29.03.2017;Bühlingen;8 c;;54647;Pickließem;
394;30.03.2017;24.11.2019;Gotenstraße;28;;25836;Poppenbüll;
394;25.11.2019;;Roxeler Straße;;;95517;Emtmannsberg;
395;14.05.2021;10.01.2024;Gustav-Werner-Straße;147;;82064;Straßlach-Dingharting;
395;11.01.2024;09.09.2026;Müssingen;126;;54636;Wolsfeld;
395;10.09.2026;;Hobener Weg;148;;69198;Schriesheim;
396;19.11.2000;06.03.2020;Kastanienring;35;Marienhöhe;37619;Pegestorf;
396;07.03.2020;06.11.2022;Hardt;;Eisenacher Straße;27404;Heeslingen;
396;07.11.2022;;Im Schauinsland;50;;74706;Osterburken;
397;17.05.2021;19.01.2024;Im Steinchen;110;;97357;Prichsenstadt;
397;20.01.2024;24.09.2026;Hochgasse;70;;53533;Aremberg;
397;25.09.2026;;Wülfingstraße;139;;49214;Bad Rothenfelde;
398;16.05.2012;21.01.2015;Auf der Hell;20;;54317;Sommerau;
398;22.01.2015;29.09.2017;Martin-Luther-Straße;192;;53119;Bonn;
398;30.09.2017;;Augustenstraße;85;;65623;Mudershausen;
399;24.04.2004;30.04.2018;Im Kreggenfeld;155;Marienhof;72336;Balingen;
399;01.05.2018;08.01.2021;Willicher Straße;15;;63843;Niedernberg;
399;09.01.2021;;Heiligenhausstraße;190;;67482;Freimersheim;
400;15.04.2019;26.12.2021;Drinhausen;9;;72229;Rohrdorf;
400;27.12.2021;09.09.2024;Am Krängel;168;;56379;Sulzbach;
400;10.09.2024;;Hohe Fuhr;193;;27412;Bülstedt;
401;18.11.2000;24.12.2020;Königsmauer;;;25451;Quickborn;
401;25.12.2020;10.09.2023;Elpidiusstraße;108;;55765;Oberhambach;
401;11.09.2023;;Rosentalstraße;170;;54636;Sefferweich;
402;29.07.1999;26.08.2017;Zieblandstraße;6;;66879;Niederstaufenbach;
402;27.08.2017;;Hasenbüchel;;;59425;Unna;
403;21.03.1991;19.06.2017;Billerbeckstraße;86;;70190;Stuttgart;
403;20.06.2017;10.03.2020;Hülsstraße;72;;26441;Jever;
403;11.03.2020;;Bergmannstraße;131;;37073;Göttingen;
404;12.03.1996;22.07.2008;Servatiusstraße;69;;24392;Wagersrott;
404;23.07.2008;13.03.2019;Storcksmährstraße;138;;67468;Neidenfels;
404;14.03.2019;;Hellweg;67;;88285;Bodnegg;
405;15.04.2021;10.01.2024;Vogelsbergstraße;66;;55743;Kirschweiler;
405;11.01.2024;08.10.2026;Am Bildchen;82;;34439;Willebadessen;
405;09.10.2026;;Holtenauer Straße;196;;24809;Nübbel;
406;07.07.2012;25.01.2015;Klosterecke;;;56242;Ellenhausen;
406;26.01.2015;25.10.2017;Unterer Mühlberg;130;;54518;Dreis;
406;26.10.2017;;Braunschweigweg;150;;89155;Erbach;
407;03.06.1974;17.01.1997;Bastheimstraße;83;;38173;Evessen;
407;18.01.1997;03.01.2014;Frohnhauser Straße;103;;54296;Trier;
407;04.01.2014;;Hartfeldstraße;4;;47652;Weeze;
408;24.06.2019;29.03.2022;Ahbachstraße;35;;74239;Hardthausen am Kocher;
408;30.03.2022;03.01.2025;Vogelsbergstraße;;;89077;Ulm;
408;04.01.2025;;Zum Felsen;156;;24405;Rügge;
409;03.09.2017;;Stockberg;161;;35415;Pohlheim;
410;02.11.1995;30.06.1999;Vogelsang;13;Josef-Annegarn-Weg;93192;Wald;
410;01.07.1999;09.04.2002;Hoogeweg;58;;76857;Ramberg;
410;10.04.2002;;Motzfeldstraße;;;76889;Oberschlettenbach;